{"cameraMode":{"drawMode":0,"name":"Shaded","section":"Shading Mode"},"sceneLighting":true,"audioPlay":false,"sceneViewState":{"showFog":true,"showMaterialUpdate":false,"showSkybox":true,"showFlares":true,"showImageEffects":true,"showParticleSystems":true},"in2DMode":false,"pivot":{"x":9.633413314819336,"y":12.0,"z":-0.949286937713623},"rotation":{"x":-0.15684102475643159,"y":-0.010369859635829926,"z":0.0016469069523736835,"w":-0.9875680804252625},"size":13.959314346313477,"orthographic":true}