{"cameraMode":{"drawMode":0,"name":"Shaded","section":"Shading Mode"},"sceneLighting":true,"audioPlay":false,"sceneViewState":{"showFog":true,"showMaterialUpdate":false,"showSkybox":true,"showFlares":true,"showImageEffects":true,"showParticleSystems":true},"in2DMode":false,"pivot":{"x":0.006204873323440552,"y":1.4900000095367432,"z":-0.0000017881393432617188},"rotation":{"x":0.13012056052684785,"y":-0.011897677555680275,"z":0.0015615217853337527,"w":0.991425633430481},"size":8.09313678741455,"orthographic":true}