{"cameraMode":{"drawMode":0,"name":"Shaded","section":"Shading Mode"},"sceneLighting":true,"audioPlay":false,"sceneViewState":{"showFog":true,"showMaterialUpdate":false,"showSkybox":true,"showFlares":true,"showImageEffects":true,"showParticleSystems":true},"in2DMode":false,"pivot":{"x":-1.3389039039611817,"y":2.6357555389404299,"z":7.612210273742676},"rotation":{"x":0.5934975147247315,"y":0.001207252498716116,"z":-0.0008902440313249826,"w":0.8048344254493713},"size":22.89694595336914,"orthographic":false}